start	end	type	var
3179	3180	DECLARES	
3181	3182	DECLARES	
3183	3184	DECLARES	
3185	3186	DECLARES	
3187	3188	DECLARES	
3189	3190	DECLARES	
3191	3192	DECLARES	
3193	3194	DECLARES	
3195	3196	DECLARES	
3197	3198	DECLARES	
3197	3199	DECLARES	
3200	3201	DECLARES	
3200	3202	DECLARES	
3203	3204	DECLARES	
3205	3206	DECLARES	
3205	3207	DECLARES	
3208	3209	DECLARES	
3210	3211	DECLARES	
3212	3213	DECLARES	
3214	3215	DECLARES	
3216	3217	DECLARES	
3218	3219	DECLARES	
3220	3221	DECLARES	
3222	3223	DECLARES	
3224	3225	DECLARES	
3226	3227	DECLARES	
3228	3229	DECLARES	
3228	3230	DECLARES	
3228	3231	DECLARES	
3228	3232	DECLARES	
3233	3234	DECLARES	
3235	3236	DECLARES	
3237	3238	DECLARES	
3239	3240	DECLARES	
3239	3241	DECLARES	
3239	3242	DECLARES	
3239	3243	DECLARES	
3244	3245	DECLARES	
3246	3247	DECLARES	
3248	3249	DECLARES	
3250	3251	DECLARES	
3252	3253	DECLARES	
3254	3255	DECLARES	
3256	3257	DECLARES	
3258	3259	DECLARES	
3260	3261	DECLARES	
